dt,rates,dfs
0.0,0.0002,1.0
0.25,0.0002,0.9999500062490626
0.5,0.0007000000000000001,0.9996501836428782
1.0,0.0025,0.9975062344139651
2.0,0.006999999999999999,0.9861456399049753
3.0,0.011000000000000001,0.967712906281841
5.0,0.016200000000000003,0.9227924808671207
7.0,0.02,0.8705601786139138
